{"$schema":"http://schema.management.azure.com/schemas/2015-01-01/deploymentTemplate.json#","contentVersion":"1.0.0.0","parameters":{"OnPremSQL":{"type":"string"},"DW_AdventureWorks":{"type":"string"},"ADLS_Stage":{"type":"string"}},"variables":{},"resources":[{"name":"Staging","type":"pipelines","apiVersion":"2018-06-01","properties":{"activities":[{"name":"Copy data1","type":"Copy","dependsOn":[],"policy":{"timeout":"0.12:00:00","retry":0,"retryIntervalInSeconds":30,"secureOutput":false,"secureInput":false},"typeProperties":{"source":{"type":"SqlServerSource","queryTimeout":"02:00:00","partitionOption":"None","datasetSettings":{"annotations":[],"type":"SqlServerTable","schema":[],"typeProperties":{"schema":"dbo","table":"DimCustomer","database":"AdventureWorksDW2019"},"externalReferences":{"connection":"[parameters('OnPremSQL')]"}}},"sink":{"type":"DataWarehouseSink","allowCopyCommand":true,"copyCommandSettings":{},"tableOption":"autoCreate","datasetSettings":{"annotations":[],"linkedService":{"name":"DW_AdventureWorks","properties":{"annotations":[],"type":"DataWarehouse","typeProperties":{"endpoint":"fa7b2jvkrnqezhe25fwe36cmhy-qjpw6aq2n6iejl4sawben6piti.datawarehouse.fabric.microsoft.com","artifactId":"[parameters('DW_AdventureWorks')]","workspaceId":"026f5f82-6f1a-4490-af92-058246f9e89a"}}},"type":"DataWarehouseTable","schema":[],"typeProperties":{"schema":"dbo","table":"testcust"}}},"enableStaging":true,"stagingSettings":{"path":"fabricstag","enableCompression":false,"externalReferences":{"connection":"[parameters('ADLS_Stage')]"}},"translator":{"type":"TabularTranslator","typeConversion":true,"typeConversionSettings":{"allowDataTruncation":true,"treatBooleanAsNumber":false}}}}],"lastModifiedByObjectId":"6efe033a-7309-40f7-8521-8524ba6809fe","lastPublishTime":"2025-05-23T08:37:46Z"},"dependsOn":[]}]}